SMILES,MW,LogP,H-Donors,H-Acceptors,Num Atoms,Rotatable Bonds,TPSA,Lipinski Pass,Ghose Pass,Veber Pass,Egan Pass,All Rules Pass
OCCOCCN1CCN(CC1)C1=NC2=CC=CC=C2SC2=CC=CC=C12,383.5170000000001,2.8560000000000016,1,6,27,5,48.300000000000004,Pass,Pass,Pass,Pass,Pass
CC1(CCCC2(C=O)C3CC(O)C4CC3(CC4=C)C(C12)C(O)=O)C(O)=O,362.422,2.1105,3,4,26,3,111.9,Pass,Pass,Pass,Pass,Pass
CC1(CO)CCCC2(C)C3CCC4CC3(CC4C(O)=O)CCC12,320.47300000000007,4.092400000000003,2,2,23,2,57.53,Pass,Pass,Pass,Pass,Pass
COC1=CC=C(C=C1)C1OC2=C(C(O)=CC(O)=C2OC)C(=O)C1O,332.30800000000005,1.7922999999999996,3,7,24,3,105.45,Pass,Pass,Pass,Pass,Pass
OC(=O)C(O)=O.CCN(CC)CCOC(=O)C(CC1CCCO1)CC1=CC=CC2=CC=CC=C12,473.56600000000026,3.6082000000000027,2,6,34,10,113.36999999999999,Pass,Pass,Pass,Pass,Pass
CC(=C)C1CCC(=CC1)C(=O)OC1OC(CO)C(O)C(O)C1O,328.361,-0.36790000000000034,4,7,23,4,116.45000000000002,Pass,Pass,Pass,Pass,Pass
CCCC1=CC(=O)OC2=C(C(=O)CC(C)C)C(O)=C3CC(OC3=C12)C(C)(C)OO,404.4590000000002,4.251600000000003,2,7,29,7,106.20000000000002,Pass,Pass,Pass,Pass,Pass
CC(CCC(O)=O)C1CC(=O)C2(C)C3=C(C(=O)C(O)C12C)C1(C)CCC(=O)C(C)(C)C1CC3=O,472.5780000000003,3.313500000000002,2,6,34,4,125.81,Pass,Pass,Pass,Pass,Pass
CC1(C)CC(=O)C2=C(N)C(=CC=C2O1)C(=O)CC(CO)NC=O,320.345,0.6922999999999999,3,6,23,6,118.72000000000003,Pass,Pass,Pass,Pass,Pass
CC(=O)OC1C(O)C2C(C)(C)CCCC2(C)C(\C=C\C(C)=O)C1(C)O,352.47100000000006,2.6376000000000013,2,5,25,3,83.83,Pass,Pass,Pass,Pass,Pass
[H][C@@]12CC[C@]3(O)C[C@]1(CC3=C)[C@@H](C(O)=O)[C@]1([H])[C@]3(C)CC[C@H](O)[C@@]21OC3=O,348.3950000000001,1.2510999999999999,3,5,25,1,104.06,Pass,Pass,Pass,Pass,Pass
COC1=C2C=CC(=O)OC2=C(OCC(OC(=O)CC(C)C)C(C)(C)O)C2=C1C=CO2,418.4420000000001,3.655400000000003,1,8,30,8,108.34,Pass,Pass,Pass,Pass,Pass
CC(C)=CCCC(C)(OC(=O)CC1=CC=CC=C1)C=C,272.38800000000003,4.4634000000000045,0,2,20,7,26.3,Pass,Pass,Pass,Pass,Pass
CC(=O)OC1C(O)C(C)(O)C(\C=C\C(C)=O)C2(C)CCCC(C)(C)C12,352.4710000000002,2.637600000000001,2,5,25,3,83.83000000000001,Pass,Pass,Pass,Pass,Pass
CC12CCCC3(COC1=O)C1CCC4(O)CC1(C(O)C4=C)C(C23)C(O)=O,362.4220000000001,1.4987,3,5,26,1,104.06,Pass,Pass,Pass,Pass,Pass
CC(=O)C1CC(=O)C2(C)C3=C(C(=O)CC12C)C1(C)CCC(=O)C(C)(C)C1CC3O,400.5150000000002,3.222600000000002,1,5,29,1,88.51,Pass,Pass,Pass,Pass,Pass
CC(CO)C1=CC(=O)C2(C)CC3(O)OC4(C(O)C(C)CCC24O)C(=O)C13C,380.4370000000002,0.08879999999999916,4,7,27,2,124.29000000000002,Pass,Pass,Pass,Pass,Pass
COC1=CC(\C=C\C(=O)NCCC2=CC(O)=C(OC)C=C2)=CC=C1O,343.379,2.487100000000001,3,5,25,7,88.02000000000001,Pass,Pass,Pass,Pass,Pass
COC1CC(CC2COC(=O)C2CC2CCC(O)C(C2)OC)CCC1O,370.48600000000016,1.9078000000000004,2,6,26,6,85.22000000000001,Pass,Pass,Pass,Pass,Pass
CC(=O)NC(COC(C)=O)CC(=O)C1=CC=C2OC(C)(C)CC(=O)C2=C1N,376.40900000000016,1.6531999999999996,2,7,27,6,124.79,Pass,Pass,Pass,Pass,Pass
OC1OC(=O)C2=CC=CC3=C2C1=C(C=C3)C1=CC=C(O)C=C1,292.28999999999996,3.3737000000000013,2,4,22,1,66.76,Pass,Pass,Pass,Pass,Pass
COC1OC2(CC3CCC(O)C(C)C3(C)C(OC(=O)C(\C)=C\C)C2=C1C)OC,394.5080000000002,3.343300000000002,1,6,28,4,74.22000000000001,Pass,Pass,Pass,Pass,Pass
CC(C)C1CC2C3(O)C4OC(O)(CC2(C)C2(O)CC(O)C(C)C42)C13C,352.471,1.2749,4,5,25,1,90.15,Pass,Pass,Pass,Pass,Pass
CC(=O)C1CC(=O)C2(C)C3=C(C(=O)CC12C)C1(C)CCC(O)C(C)(C)C1CC3O,402.5310000000002,3.0144000000000015,2,5,29,1,91.67,Pass,Pass,Pass,Pass,Pass
C[C@]12CCC3C(CCC4=CC(=O)[C@@H](O)C[C@]34C)C1CC[C@@H]2O,304.43000000000006,2.850000000000002,2,3,22,0,57.53,Pass,Pass,Pass,Pass,Pass
COC(=O)C1(CC23CC1CCC2C1(C)CCCC(C)(C1CC3)C(O)=O)OC(C)=O,406.5190000000002,3.9588000000000028,1,5,29,3,89.9,Pass,Pass,Pass,Pass,Pass
O=C1N2CCC3=CC4=C(OCO4)C4=C3C2=C(C1=O)C1=CC=CC=C41,317.29999999999995,2.807100000000001,0,4,24,0,55.84,Pass,Pass,Pass,Pass,Pass
CC(O)CCC1=C(C)CC(CC1(C)C)OC1OC(CO)C(O)C(O)C1O,374.47400000000005,0.46899999999999925,5,7,26,6,119.61000000000001,Pass,Pass,Pass,Pass,Pass
C\C(CCC(=O)C(C)=C)=C/COC1=C2OC(=O)C=CC2=CC2=C1OC=C2,352.3860000000001,4.789700000000004,0,5,26,7,69.65,Pass,Pass,Pass,Pass,Pass
CC(=C)C(O)CC\C(C)=C\COC1=C2OC(=O)C=CC2=CC2=C1OC=C2,354.4020000000001,4.581500000000004,1,5,26,7,72.81,Pass,Pass,Pass,Pass,Pass
CC1C2C(CC3C4CCC5CC(O)C(O)CC5(C)C4CCC23C)OC11CCC(=C)CO1,430.6290000000004,4.684700000000005,2,4,31,0,58.92,Pass,Pass,Pass,Pass,Pass
OC1=CC=C(C=C1)C1=C2C(=O)OC(=O)C3=CC=CC(C=C1)=C23,290.274,3.5230000000000015,1,4,22,1,63.6,Pass,Pass,Pass,Pass,Pass
COC1=C(OC2=CC(O)=CC(O)=C2C1=O)C1=CC(O)=C(O)C(CC=C(C)C)=C1,384.3840000000001,3.7997000000000023,4,7,28,4,120.36000000000001,Pass,Pass,Pass,Pass,Pass
COC1=CC(OC)=C(\C=C\C2=CC(OC)=CC(=O)O2)C=C1,288.299,2.836000000000001,0,5,21,5,57.900000000000006,Pass,Pass,Pass,Pass,Pass
CC(C)CC(=O)C1=C(O)C(O)(CC=C(C)C)C(O)=C(CC=C(C)C)C1=O,362.4660000000001,4.252200000000003,3,5,26,7,94.83000000000001,Pass,Pass,Pass,Pass,Pass
COC1=CC(O)=C(C(=O)OC2CC3(C)C4CC(C)(C)CC4(O)C=C(C=O)C23O)C(C)=C1,430.4970000000002,2.6819200000000007,3,7,31,4,113.29,Pass,Pass,Pass,Pass,Pass
COC1=CC2=C(C(=O)C3=C(C=C4OC5(C)CCCC(O5)C4=C3O)C2=O)C(OC)=C1,396.39500000000015,3.535000000000002,1,7,29,2,91.29,Pass,Pass,Pass,Pass,Pass
CC(C)\C=C\C1=C(O)C2=C(OC(=CC2=O)C2=C(O)C=C(O)C=C2)C=C1O,354.358,3.951600000000003,4,6,26,3,111.13000000000001,Pass,Pass,Pass,Pass,Pass
CC(=C)C1CC2=CC3=C(OC(=O)C(=C3)C(C)(C)C=C)C=C2O1,296.366,4.136200000000003,0,3,22,3,39.44,Pass,Pass,Pass,Pass,Pass
COC(=O)C(C)C1=CC2(C)C(C)C(O)CCC2CC1=O,280.364,2.1079999999999997,1,4,20,2,63.6,Pass,Pass,Pass,Pass,Pass
COC1=C2C=C(C(=O)OC2=CC2=C1CC(O)C(C)(C)O2)C1=C(O)C=C(O)C=C1,384.38400000000007,2.954200000000001,3,7,28,2,109.36000000000001,Pass,Pass,Pass,Pass,Pass
COC1=C(O)C=CC2=C1OCC1C2OC2=C1C=CC1=C2C=CC(C)(C)O1,352.3860000000001,4.194700000000003,1,5,26,1,57.150000000000006,Pass,Pass,Pass,Pass,Pass
COC12CC3CCCC(C)C3(C)C(O)C1=C(C)C(=O)O2,280.36400000000003,2.4095000000000004,1,4,20,1,55.760000000000005,Pass,Pass,Pass,Pass,Pass
COC1=C2OCOC2=CC(=C1)C1CC(=O)C2=C(O1)C=C(O)C(OC)=C2O,360.3180000000001,2.5502000000000007,2,8,26,3,103.68000000000002,Pass,Pass,Pass,Pass,Pass
CC\C(C)=C\C(=O)OC1CC(C(C)C)C2C(CC(=O)C2C(C)O)C1=C,348.48300000000006,3.6888000000000023,1,4,25,5,63.60000000000001,Pass,Pass,Pass,Pass,Pass
COC1=C2OCOC2=CC2=C1C(=O)C(=CO2)C1=CC=CC=C1O,312.277,2.902900000000001,1,6,23,2,78.13000000000001,Pass,Pass,Pass,Pass,Pass
[H][C@]12CCC(=CC1=CCC1([H])[C@@](C)(CCC[C@]21C)C(O)O)C(C)C,304.474,4.432300000000004,2,2,22,2,40.46,Pass,Pass,Pass,Pass,Pass
CC12CCCC(C)(C1C(C(O)=O)C13CC(=C)C(O)(C1)C(O)CC23)C(O)=O,364.4380000000001,2.0463999999999998,4,4,26,2,115.06,Pass,Pass,Pass,Pass,Pass
OC1=CC=C(C=C1)[C@@H]1CC2=CC(O)=CC(O)=C2C(=O)O1,272.25600000000003,2.2576000000000005,3,5,20,1,86.99,Pass,Pass,Pass,Pass,Pass
COC1=CC(O)=C(C=C1)C1COC2=CC3=C(C=CC(C)(C)O3)C=C2C1,338.4030000000001,4.303700000000004,1,4,25,2,47.92,Pass,Pass,Pass,Pass,Pass
CC1=C(C)C(=O)OC(C1)C(C)(O)C1CCC2C3C4OC4C4(O)CC=CC(=O)C4(C)C3CCC12C,470.60600000000034,3.4954000000000027,2,6,34,2,96.36000000000001,Pass,Pass,Pass,Pass,Pass
CS\C=C\C(=O)OC1CCC(C)C2(C)CC3(C(OC(C)=O)C12)C(=C)COC3=O,408.51600000000025,3.262100000000002,0,7,28,4,78.9,Pass,Pass,Pass,Pass,Pass
CC12CC=CC3(OC1=O)C1CC(O)C4CC1(CC4=C)C(C23)C(O)=O,330.38000000000005,1.9122,2,4,24,1,83.83000000000001,Pass,Pass,Pass,Pass,Pass
COC1=C(O)C=CC(=C1)C1=C2C(=O)C(O)C(O)C3=CC=CC(C=C1)=C23,336.343,2.811600000000001,3,5,25,2,86.99000000000001,Pass,Pass,Pass,Pass,Pass
OC1=CC=C(CCC(=O)C2=C(O)C=C(O)C=C2O)C=C1,274.272,2.3245000000000013,4,5,20,4,97.99000000000001,Pass,Pass,Pass,Pass,Pass
COC1C(OC)=CC(C)C2CC3OC(=O)CC4C(C)=C(OC)C(=O)C(C34C)C12C,404.50300000000016,3.2649000000000017,0,6,29,3,71.06,Pass,Pass,Pass,Pass,Pass
OC1=CC2=C(C3C=COC3O2)C2=C1C1=C(C(=O)CC1)C(=O)O2,298.25,1.9735000000000003,1,6,22,0,85.97,Pass,Pass,Pass,Pass,Pass
CC(C)C1=C2C3=CC=C(CC(OC4OCC(O)C(O)C4O)C3(C)CCC2(C)CC1)C=O,432.55700000000024,2.8188000000000013,3,6,31,4,96.22,Pass,Pass,Pass,Pass,Pass
COC1=C(O)C=CC(=C1)C1=CC(=O)C2=C(O1)C=C(O)C=C2,284.26699999999994,2.8798000000000012,2,5,21,2,79.9,Pass,Pass,Pass,Pass,Pass
[H][C@]12CC3=C(NC4=CC=CC=C34)[C@]1(C)[C@@]1(C)CC[C@]3([H])O[C@@H](C(=O)C=C3[C@]1(O)CC2)C(C)(C)OC(C)=O,477.6010000000003,4.527500000000003,2,5,35,2,88.62,Pass,Pass,Pass,Pass,Pass
CC(C)C1CC(OC(=O)C=C(C)C)C(=C)C2CC(=O)C(C(C)OC(C)=O)C12,376.4930000000001,3.869500000000003,0,5,27,5,69.67000000000002,Pass,Pass,Pass,Pass,Pass
CC(CCC(O)=O)C1CC(O)C2(C)C3=C(C(=O)CC12C)C1(C)CCC(O)C(C)(C)C1CC3O,462.62700000000024,3.718100000000003,4,5,33,4,115.06,Pass,Pass,Pass,Pass,Pass
CC(=O)OCC1(O)CC23CC1CCC2C1(C)CCCC(C)(COC(C)=O)C1CC3,406.5630000000003,4.256600000000004,1,5,29,4,72.83000000000001,Pass,Pass,Pass,Pass,Pass
COC1=C(\C=C\C(=O)C2=CC(O)=C(O)C=C2)C=CC(O)=C1CC=C(C)C,354.40200000000016,4.216800000000003,3,5,26,6,86.99000000000001,Pass,Pass,Pass,Pass,Pass
CC12C=CC3=C(C=CO3)C1CCC13CC(CCC21)C(O)(CO)C3,314.425,3.7199000000000018,2,3,23,1,53.60000000000001,Pass,Pass,Pass,Pass,Pass
COC(=O)CCC(C)C1CC(=O)C2(C)C3=C(C(=O)CC12C)C1(C)CCC(=O)C(C)(C)C1CC3=O,470.6060000000004,4.431100000000004,0,6,34,4,94.58000000000001,Pass,Pass,Pass,Pass,Pass
COC1=CC2=C(CCC(O2)C2=CC(O)=C(OC)C(OC)=C2)C=C1,316.353,3.484300000000002,1,5,23,4,57.150000000000006,Pass,Pass,Pass,Pass,Pass
CC12CC3(CCC4C(C)(C)C(O)C(=O)CC4(C)C3CC1=O)C=C2,316.4410000000001,3.3042000000000016,1,3,23,0,54.37,Pass,Pass,Pass,Pass,Pass
COC1=C(OC)C=C(CC2N(C)CCC3=CC(OC)=C(O)C=C23)C=C1,343.42300000000006,3.189700000000002,1,5,25,5,51.160000000000004,Pass,Pass,Pass,Pass,Pass
CN1CCC2=C(C=C3OCOC3=C2)C(=O)CC2=C(C1)C1=C(OCO1)C=C2,353.3740000000001,2.5573000000000006,0,6,26,0,57.230000000000004,Pass,Pass,Pass,Pass,Pass
COC1=CC(C2OC3=CC(OC)=CC(O)=C3C(=O)C2O)=C(O)C=C1,332.308,1.7922999999999996,3,7,24,3,105.45000000000002,Pass,Pass,Pass,Pass,Pass
COC1=CC=C(C=C1)C1=C2C(O)C(O)C(=O)C3=CC=CC(C=C1)=C23,320.34400000000005,3.1060000000000016,2,4,24,2,66.75999999999999,Pass,Pass,Pass,Pass,Pass
CC1(C)OC2=CC3=C(C=C2C=C1)C1OC2=C(C=CC(O)=C2)C1(O)CO3,338.3590000000001,3.2901000000000025,2,5,25,0,68.15,Pass,Pass,Pass,Pass,Pass
[H]N(CCC1=CN([H])C2=CC(OS(O)(=O)=O)=C(OC)C=C12)C(C)=O,328.34600000000006,1.0367,3,5,22,6,117.72,Pass,Pass,Pass,Pass,Pass
COC1=C(Cl)C(C)=C(C(=O)OC2CC3(C)C4CC(C)(C)CC4C=C(C=O)C23OC)C(O)=C1,462.97000000000025,4.874520000000005,1,6,32,5,82.06,Pass,Pass,Pass,Pass,Pass
CC12CCCC(C)(C1C(C(O)=O)C13CC(O)(CCC21)C(=C)C3O)C(O)=O,364.43800000000005,2.0463999999999998,4,4,26,2,115.06,Pass,Pass,Pass,Pass,Pass
COC1=CC2=C(C(O)=C1CC=C(C)C)C(=O)C1=C(CC(O)C(C)=C)C(OC)=C(OC)C=C1O2,454.51900000000023,4.665800000000004,2,7,33,8,98.36000000000001,Pass,Pass,Pass,Pass,Pass
COC12C(CC1(C)C1CC(C)(C)CC1C=C2C=O)OC(=O)C1=C(O)C=C(O)C=C1C,414.49800000000016,3.9181200000000027,2,6,30,4,93.06,Pass,Pass,Pass,Pass,Pass
COC1=CC(OC)=C(C(=O)\C=C\C2=CC=C(O)C=C2)C(O)=C1CC=C(C)C,368.4290000000002,4.519800000000004,2,5,27,7,75.99000000000001,Pass,Pass,Pass,Pass,Pass
CC(C)=CCC1=C(O)C=C(\C=C/C2=CC=C(O)C=C2)C=C1O,296.36600000000004,4.482500000000005,3,3,22,4,60.69,Pass,Pass,Pass,Pass,Pass
COC(=O)C1(CC23CC1CCC2C1(C)CCCC(C)(C=O)C1CC3)OC(C)=O,390.52000000000015,4.073100000000003,0,5,28,3,69.67000000000002,Pass,Pass,Pass,Pass,Pass
COC1=C(OC)C=C(CC2C(CC3=CC4=C(OCO4)C=C3)COC2O)C=C1,372.4170000000001,2.798700000000001,1,6,27,6,66.38000000000001,Pass,Pass,Pass,Pass,Pass
CCCCCCCCCCCC1=CC(=O)C(O)=C(O)C1=O,294.391,4.313100000000002,2,4,21,10,74.6,Pass,Pass,Pass,Pass,Pass
CSC1=NC(NCC=C(C)C)=C2N=CN([C@@H]3O[C@H](CO)[C@@H](O)[C@H]3O)C2=N1,381.4580000000001,0.5377999999999996,4,10,26,6,125.55000000000001,Pass,Pass,Pass,Pass,Pass
Cl.CC[C@@]1(O)C(=O)OCC2=C1C=C1N(CC3=C1N=C1C=CC(O)=C(CN(C)C)C1=C3)C2=O,457.9140000000002,2.2686,2,8,32,3,104.88999999999999,Pass,Pass,Pass,Pass,Pass
COC1=CC(O)=C(C(=O)OC2CC3(C)C4CC(C)(C)CC4CC(C=O)=C23)C(C)=C1,398.4990000000002,4.596220000000004,1,5,29,4,72.83000000000001,Pass,Pass,Pass,Pass,Pass
COC(=O)C1=C(OC2=C(OC)C(=O)C(CC=C(C)C)=C(CC=C(C)C)C2=O)C=C(O)C=C1O,456.4910000000002,4.282200000000005,2,8,33,8,119.36000000000001,Pass,Pass,Pass,Pass,Pass
CC(C)=CCC1=C(O)C=C(\C=C\C2=C(O)C=C(O)C=C2)C=C1O,312.365,4.188100000000006,4,4,23,4,80.92,Pass,Pass,Pass,Pass,Pass
COC1=CC(O)=C(C=C1)C(=O)C(=O)C1=C(O)C(CC=C(C)C)=C(O)C=C1,356.374,3.386300000000002,3,6,26,6,104.06,Pass,Pass,Pass,Pass,Pass
COC1=CC=C(\C=C2\OC3=CC(OC)=C(O)C(OC)=C3C2=O)C=C1,328.32000000000005,3.034200000000001,1,6,24,4,74.22,Pass,Pass,Pass,Pass,Pass
COC1=C(O)C=C(C=C1)C1=COC2=C(C=CC(O)=C2OC)C1=O,314.29300000000006,2.8884000000000016,2,6,23,3,89.13,Pass,Pass,Pass,Pass,Pass
CC12CCCC3(OC1=O)C1CC(O)C4CC1(CC4=C)C(C23)C(O)=O,332.3960000000001,2.1361999999999997,2,4,24,1,83.83000000000001,Pass,Pass,Pass,Pass,Pass
COC1=C(O)C(=O)N2C3=CC=CC=C3C3=CC(=O)N(C)C1=C23,296.28200000000004,1.4565999999999997,1,6,22,1,72.94,Pass,Pass,Pass,Pass,Pass
COC1=C(O)C=CC(=C1)C1=CC(=O)C2=C(O1)C(O)=C(OC)C(OC)=C2O,360.3180000000001,2.602600000000001,3,8,26,4,118.59000000000002,Pass,Pass,Pass,Pass,Pass
CC(OC1OC(CO)C(O)C(O)C1O)\C=C\C1C(C)=CC(=O)CC1(C)C,370.44200000000023,0.30909999999999904,4,7,26,5,116.45000000000002,Pass,Pass,Pass,Pass,Pass
COC(C)(C)C(O)CC\C(C)=C\COC1=CC=C2C=CC(=O)OC2=C1,346.42300000000006,3.6842000000000024,1,5,25,8,68.9,Pass,Pass,Pass,Pass,Pass
OC1=CC=C(CC\C=C\C(=O)CCC2=CC=CC=C2)C=C1,280.36699999999996,4.082900000000003,1,2,21,7,37.3,Pass,Pass,Pass,Pass,Pass
CC(C)C(=C)C(O)C(O)C(C)C1CCC2C3COC(=O)C4CC(O)C(O)CC4(C)C3CCC12C,478.6700000000003,3.310100000000001,4,6,34,5,107.22,Pass,Pass,Pass,Pass,Pass
COC1=CC(OC)=C(OC)C2=C1C(=O)C1=C(O2)C=C2OC(C)(C)C=CC2=C1O,384.3840000000001,3.8618000000000037,1,7,28,3,87.36000000000001,Pass,Pass,Pass,Pass,Pass
CC1CCC(\C=C(/C)C(O)=O)C2=C(C)CC(OC(C)=O)C12,292.375,3.331500000000002,1,3,21,3,63.6,Pass,Pass,Pass,Pass,Pass
OC1=CC=C(CC2COC3=CC(O)=CC(O)=C3C2=O)C=C1,286.283,2.2374,3,5,21,2,86.99000000000001,Pass,Pass,Pass,Pass,Pass
COC1=CC(C)C2CC3OC(=O)CC4C(=C)C(O)C(O)C(C34C)C2(C)C1=O,376.4490000000001,1.6075,2,6,27,1,93.06,Pass,Pass,Pass,Pass,Pass
COC1=CC(O)=C(C(=O)OC2CC3(C)C4CC(C)(C)CC4C(O)C(CO)=C23)C(C)=C1,416.5140000000002,3.360420000000002,3,6,30,4,96.22000000000001,Pass,Pass,Pass,Pass,Pass
COC1=CC2=C(C3C=COC3O2)C2=C1C1=C(C(=O)C(O)C1)C(=O)O2,328.27600000000007,1.2473,1,7,24,1,95.2,Pass,Pass,Pass,Pass,Pass
COC1=C2C=C(C(=O)OC2=CC2=C1CCC(C)(CO)O2)C1=C(O)C=C(O)C=C1,384.384,2.9558000000000018,3,7,28,3,109.36000000000001,Pass,Pass,Pass,Pass,Pass
COC1=C(OC)C=C(C=C1)C1=C(OC)C(=O)C2=C(OC)C(OC)=C(O)C(OC)=C2O1,418.3980000000002,3.217200000000002,1,9,30,7,105.82000000000002,Pass,Pass,Pass,Pass,Pass
[H][C@]12CC3=C(NC4=CC=CC=C34)[C@]1(C)[C@@]1(C)CC[C@]3([H])O[C@@H](C(=O)C=C3C1CC2)C(C)(C)O,419.56500000000017,4.841800000000005,2,3,31,1,62.32000000000001,Pass,Pass,Pass,Pass,Pass
CC(C)=CCC1=C(OC2=C(C(O)=CC3=C2C=CC(C)(C)O3)C1=O)C1=CC(O)=C(O)C=C1O,436.4600000000002,4.975300000000006,4,7,32,3,120.36000000000001,Pass,Pass,Pass,Pass,Pass
CC(C)=CCC1=C(O)C=CC(=C1)C1=COC2=CC(O)=CC(O)=C2C1=O,338.3590000000001,4.085500000000004,3,5,25,3,90.9,Pass,Pass,Pass,Pass,Pass
CC(=O)OC1CCC2(C)C(COC3=CC4=C(C=CC(=O)O4)C=C3)C(C)(O)CCC2C1(C)C,442.5520000000003,4.707000000000004,1,6,32,4,85.97000000000001,Pass,Pass,Pass,Pass,Pass
CC1(C)OC2=CC(O)=C3C(=O)C(O)=C(OC3=C2C=C1)C1=CC=C(O)C=C1,352.34200000000004,3.761000000000002,3,6,26,1,100.13000000000001,Pass,Pass,Pass,Pass,Pass
COC1=CC(O)=C2C(=O)CC(OC2=C1)C1=C(OC)C=C(OC)C=C1OC,360.3620000000001,3.1331000000000016,1,7,26,5,83.45000000000002,Pass,Pass,Pass,Pass,Pass
CC1CCC2C1C(=O)OC(C2C)N1C=C(C)C2CCC(C)C2C1=O,331.4560000000001,3.5760000000000023,0,3,24,1,46.61,Pass,Pass,Pass,Pass,Pass
OC1=CC2=C(C=C1)C1=C(O2)C2=C(O)C=C(O)C=C2OC1=O,284.223,2.8091999999999997,3,6,21,0,104.04000000000002,Pass,Pass,Pass,Pass,Pass
COC1=CC(=O)C23OC4(C=C(C2C1=O)C(C)=C)C3OC1=C(C(O)=CC2=C1C=CC(C)(C)O2)C4=O,462.4540000000003,2.8423000000000016,1,8,34,2,108.36000000000001,Pass,Pass,Pass,Pass,Pass
COC1=C(O)C=CC(\C=C\C(=O)COC(=O)\C=C\C2=CC(OC)=C(O)C=C2)=C1,384.38400000000007,2.953900000000001,2,7,28,8,102.29000000000002,Pass,Pass,Pass,Pass,Pass
OC1OCC(CC2=CC3=C(OCO3)C=C2)C1CC1=CC2=C(OCO2)C=C1,356.3740000000001,2.5102,1,6,26,4,66.38000000000001,Pass,Pass,Pass,Pass,Pass
COC1=C(CC=C(C)C)C(OC)=C(C2CC(=O)C3=C(O2)C=C(O)C=C3)C(O)=C1,384.42800000000005,4.330200000000005,2,6,28,5,85.22000000000001,Pass,Pass,Pass,Pass,Pass
OC1=CC=C(\C=C\C=C/C2=NC3=CC=CC=C3C(=O)O2)C=C1,291.306,3.620200000000003,1,4,22,3,63.330000000000005,Pass,Pass,Pass,Pass,Pass
COC1=CC(=O)OC(\C=C/C=C/C=C\C2(C)OC3(C)C(O)OC(C)(C3O)C2O)=C1C,420.45800000000014,1.4591199999999998,3,8,30,5,118.59000000000002,Pass,Pass,Pass,Pass,Pass
OC1=CC=C(C=CC(=O)CC2=CC([O-])=CC(=O)O2)C=C1,271.24799999999993,1.2439999999999998,1,5,20,4,90.57000000000001,Pass,Pass,Pass,Pass,Pass
C[C@]12CCC3C(CCC4=C3C=CC(=O)C4=O)C1CCC2=O,284.355,2.796400000000001,0,3,21,0,51.21,Pass,Pass,Pass,Pass,Pass
OC(=O)C1=CN(C2=CC=C(F)C=C2)C2=CC(N3CCNCC3)=C(F)C=C2C1=O,385.3700000000002,2.3767000000000005,2,5,28,3,74.57,Pass,Pass,Pass,Pass,Pass
CC1(C)OC2=CC3=C(OC4C5=C(OCC34O)C=C(O)C=C5)C=C2C=C1,338.35900000000004,3.2901000000000016,2,5,25,0,68.15,Pass,Pass,Pass,Pass,Pass
COC1=CC=C(C=C1)C1=CC(=O)C2=C(O1)C(O)=C(O)C(OC)=C2O,330.29200000000003,2.5940000000000016,3,7,24,3,109.36000000000001,Pass,Pass,Pass,Pass,Pass
CCCCCCCC(OO)\C=C\C#CC#CC(O)C=C,276.37600000000003,3.315000000000002,2,3,20,9,49.69,Pass,Pass,Pass,Pass,Pass
CC1OCC2=C(C(O)C3OC3(CC=C(C)C)C2O)C1O,282.33599999999996,0.2918999999999999,3,5,20,2,82.45,Pass,Pass,Pass,Pass,Pass
CC(C)\C=C1\NC(=O)C(C(C)C)N2C(=O)C3=C(OC=CC=C3)N=C12,327.384,2.4864000000000006,1,5,24,2,73.22,Pass,Pass,Pass,Pass,Pass
C\C=C(/C)C(=O)OC1C2=C(C)C(=O)OC2C(O)C2CCC(O)C(C)C12C,364.43800000000016,1.8940999999999997,2,6,26,2,93.06000000000002,Pass,Pass,Pass,Pass,Pass
[H][C@@]12CC=C(C(C)=O)[C@@]1(C)CC[C@@]1([H])[C@@]2([H])CCC2=CC(=O)CC[C@]12C,312.4530000000001,4.643600000000005,0,2,23,1,34.14,Pass,Pass,Pass,Pass,Pass
CN(C(=S)OC1=CC2=CC=CC=C2C=C1)C1=CC=CC(C)=C1,307.41800000000006,4.948320000000004,0,2,22,2,12.47,Pass,Pass,Pass,Pass,Pass
CC12CC(O)C(O)C3(OC1=O)C1CCC4(O)CC1(CC4=C)C(C23)C(O)=O,364.3940000000001,0.22189999999999926,4,6,26,1,124.28999999999999,Pass,Pass,Pass,Pass,Pass
COC1=CC=C(C=C1)C(O)C(C)OC(C(C)O)C1=CC=C(OC)C=C1,346.42300000000006,3.264400000000002,2,5,25,8,68.15,Pass,Pass,Pass,Pass,Pass
COC1=CC(\C=C\C(=O)CC(=O)\C=C\C2=CC=C(O)C=C2)=CC=C1O,338.35900000000004,3.361300000000002,2,5,25,7,83.83000000000001,Pass,Pass,Pass,Pass,Pass
[H][C@@]12CC[C@H]([C@H](C)O)[C@@]1(C)CC[C@@]1([H])[C@@]2([H])CCC2C[C@H](O)CC[C@]12C,320.51700000000005,4.387000000000004,2,2,23,1,40.46,Pass,Pass,Pass,Pass,Pass
O[Sn](C1=CC=CC=C1)(C1=CC=CC=C1)C1=CC=CC=C1,367.03600000000006,1.6458000000000002,1,1,20,3,20.23,Pass,Pass,Pass,Pass,Pass
COC1=C(O)C=C2OC3=CC(O)=CC(O)=C3C(=O)C2=C1,274.228,2.0716,3,6,20,1,100.13,Pass,Pass,Pass,Pass,Pass
CC(C)C1=CC2=C(C=C1O)C1(C)CCCC(C)(C=O)C1CC2=O,314.425,4.365000000000004,1,3,23,2,54.37,Pass,Pass,Pass,Pass,Pass
COC1=C(CC=C(C)C)C2=C(CCC(O2)C2=C(O)C=C(O)C=C2)C=C1,340.419,4.681400000000005,2,4,25,4,58.92,Pass,Pass,Pass,Pass,Pass
CC12CCCC(C)(C1CC(O)C13CC(CCC21)C(=C)C3)C(O)=O,318.4570000000001,4.010900000000003,2,2,23,1,57.53,Pass,Pass,Pass,Pass,Pass
C\C=C(\C)C(=O)OC1CC(C(C)C)C2C(CC(=O)C2C(C)OC(C)=O)C1=C,376.49300000000017,3.869500000000003,0,5,27,5,69.67000000000002,Pass,Pass,Pass,Pass,Pass
COC1=CC(=CC(OC)=C1O)C(O)C(C)OC1=C(OC)C=C(\C=C/C)C=C1,374.4330000000001,3.9520000000000026,2,6,27,8,77.38000000000001,Pass,Pass,Pass,Pass,Pass
COC1=CC(=CC(OC)=C1O)C(O)C(C)OC1=C(OC)C=C(CC=C)C=C1OC,404.45900000000023,3.6560000000000024,2,7,29,10,86.61000000000001,Pass,Pass,Pass,Pass,Pass
CC(CCC(=O)NCC(O)=O)C1CCC2C3C(O)CC4CC(O)CCC4(C)C3CC(O)C12C,465.6310000000003,2.564899999999999,5,5,33,6,127.09000000000002,Pass,Pass,Pass,Pass,Pass
COC1=CC(\C=C\C(C)=O)=CC(=C1O)C1=CC(\C=C\C(O)=O)=CC(OC)=C1O,384.3840000000001,3.4820000000000015,3,6,28,7,113.29000000000002,Pass,Pass,Pass,Pass,Pass
CC(C)=CCC1=C(OC2OC(CO)C(O)C(O)C2O)C=CC(=C1)C(C)=O,366.41000000000014,0.5765999999999996,4,7,26,6,116.45000000000002,Pass,Pass,Pass,Pass,Pass
O[C@H]1CC2=C(O[C@H]1C1=CC=C(O)C(O)=C1)C=C(O)C=C2O,290.271,1.5461000000000003,5,6,21,1,110.38000000000001,Pass,Pass,Pass,Pass,Pass
CC1=CC2=C(C=C1C)N(C=N2)[C@H]1O[C@H](CO)C(O)C1O,278.308,0.26463999999999915,3,6,20,2,87.74000000000001,Pass,Pass,Pass,Pass,Pass
CC1=CC(O)=CC(O)=C1C(=O)OC1CC2(C)C1C(C=O)=CC1(O)CC(C)(C)CC21,400.4710000000002,3.2640200000000013,3,6,29,3,104.06000000000002,Pass,Pass,Pass,Pass,Pass
COC12CC3CCC(OC(=O)\C=C\SC)C(C)C3(C)C(OC(=O)C(\C)=C\C)C1=C(C)C(=O)O2,478.6070000000003,4.325000000000004,0,8,33,6,88.13000000000001,Pass,Pass,Pass,Pass,Pass
OCC1OC(OC2=CC=C(\C=C\C(=O)OCC3CCN4CCCC34)C=C2)C(O)C(O)C1O,449.50000000000017,-0.09399999999999947,4,9,32,7,128.92,Pass,Pass,Pass,Pass,Pass
NC(CC1=CNC2=C1C=CC=C2)C(=O)N1CCCC1C(O)=O,301.346,1.1133,3,3,22,4,99.42000000000002,Pass,Pass,Pass,Pass,Pass
COC1=CC2=C(C(O)=C1CC(O)C(C)=C)C(=O)C1=C(CC=C(C)C)C(OC)=C(OC)C=C1O2,454.5190000000003,4.665800000000004,2,7,33,8,98.36,Pass,Pass,Pass,Pass,Pass
CC(CCC(O)=O)C1CC(=O)C2(C)C3=C(C(=O)CC12C)C1(C)CCC(=O)C(C)(C)C1CC3=O,456.5790000000003,4.342700000000004,1,5,33,4,105.57999999999998,Pass,Pass,Pass,Pass,Pass
CC1=CCC2=C3OC(=CC3=CC(O)=C2OC1)C1=CC(O)=CC(O)=C1,324.332,4.097800000000003,3,5,24,1,83.06000000000002,Pass,Pass,Pass,Pass,Pass
COC1=CC=C(C=C1)C1=C(O)C(=O)C2=C(O)C=C(O)C(OC)=C2O1,330.2920000000001,2.594000000000001,3,7,24,3,109.36000000000001,Pass,Pass,Pass,Pass,Pass
COC(=O)C1=C(N=C(C(C2=NCCS2)=C1CC(C)C)C(F)(F)F)C(F)F,396.381,4.516500000000003,0,5,26,5,51.55,Pass,Pass,Pass,Pass,Pass
CC(C)C(=C)C(O)C(O)C(C)C1CCC2C3CCC4CC(O)C(O)CC4(C)C3CCC12C,448.6880000000002,4.547100000000004,4,4,32,5,80.92,Pass,Pass,Pass,Pass,Pass
COC1=CC=C(C=C1)C1=C(OC)C(=O)C2=C(O1)C(OC)=C(O)C=C2,328.32,3.1914000000000016,1,6,24,4,78.13000000000001,Pass,Pass,Pass,Pass,Pass
COC1=C(CC=C(C)C)C(OC)=C(CC(=O)C2=C(O)C=C(O)C=C2)C(O)=C1,372.41700000000003,3.7547000000000024,3,6,27,7,96.22000000000001,Pass,Pass,Pass,Pass,Pass
CC1(C)OC2=CC(O)=C3C(=O)C(COC3=C2C=C1)C1=CC=C(O)C=C1O,354.35800000000006,3.346500000000002,3,6,26,1,96.22000000000001,Pass,Pass,Pass,Pass,Pass
COC1=C(O)C2=C(CCC3C2C(CCC3(C)C)C(O)=O)C=C1C(C)C,346.46700000000004,4.691000000000004,2,3,25,3,66.75999999999999,Pass,Pass,Pass,Pass,Pass
CN1C2=CC=CC=C2C(=O)C2=C1C1=C(OC(C1)C(C)(O)COC(C)=O)C=C2O,383.4000000000001,2.0148999999999995,2,7,28,3,97.99,Pass,Pass,Pass,Pass,Pass
CC(=O)OCC12CCC(C)=CC1OC1C(O)C(O)C2(C)C11CO1,324.37300000000016,0.5540999999999999,2,6,23,2,88.52000000000001,Pass,Pass,Pass,Pass,Pass
COC1=C(O)C=C(C=C1)C1=C(O)C(=O)C2=C(O)C=C(O)C=C2O1,316.26500000000004,2.2910000000000004,4,7,23,2,120.36,Pass,Pass,Pass,Pass,Pass
CCC1C2N3CCC22C(NC4=C2C=CC(O)=C4)=C(C1CC3)C(=O)OC,340.4230000000002,2.616600000000001,2,5,25,2,61.8,Pass,Pass,Pass,Pass,Pass
COC1=CC(=C\C=C\C=C2C=C(OC)C(=O)C(OC)=C2)C=C(OC)C1=O,356.3740000000001,2.6820000000000004,0,6,26,6,71.06,Pass,Pass,Pass,Pass,Pass
CC1(C)C(O)CCC2(C)C3CC(O)C(C)(C=C)C=C3CCC12,304.4740000000001,4.0831000000000035,2,2,22,1,40.46,Pass,Pass,Pass,Pass,Pass
CC(C)=CCC1=CC2=C(OC3=C(C(O)=CC(O)=C3C(C)(C)C=C)C2=O)C(O)=C1O,396.4390000000002,4.740900000000006,4,6,29,4,111.13000000000002,Pass,Pass,Pass,Pass,Pass
CC1(C)OC2=C(CC1O)C1=C(C(O)=C2)C(=O)C(CO1)C1=C(O)C=C(O)C=C1,372.3730000000001,2.236700000000001,4,7,27,1,116.45,Pass,Pass,Pass,Pass,Pass
